<?xml version="1.0" encoding="utf-8" ?>
<dwsync>
<file name="1.gif" server="D:/Dropbox/CharisTech/Project Backups/Aux-Digital/" local="131334078520000000" remote="131334078520000000" Dst="1" />
<file name="10.gif" server="D:/Dropbox/CharisTech/Project Backups/Aux-Digital/" local="131334078520000000" remote="131334078520000000" Dst="1" />
<file name="10s.gif" server="D:/Dropbox/CharisTech/Project Backups/Aux-Digital/" local="131334078520000000" remote="131334078520000000" Dst="1" />
<file name="1s.gif" server="D:/Dropbox/CharisTech/Project Backups/Aux-Digital/" local="131334078520000000" remote="131334078520000000" Dst="1" />
<file name="2.gif" server="D:/Dropbox/CharisTech/Project Backups/Aux-Digital/" local="131334078520000000" remote="131334078520000000" Dst="1" />
<file name="2s.gif" server="D:/Dropbox/CharisTech/Project Backups/Aux-Digital/" local="131334078520000000" remote="131334078520000000" Dst="1" />
<file name="3.gif" server="D:/Dropbox/CharisTech/Project Backups/Aux-Digital/" local="131334078520000000" remote="131334078520000000" Dst="1" />
<file name="3s.gif" server="D:/Dropbox/CharisTech/Project Backups/Aux-Digital/" local="131334078520000000" remote="131334078520000000" Dst="1" />
<file name="4.gif" server="D:/Dropbox/CharisTech/Project Backups/Aux-Digital/" local="131334078520000000" remote="131334078520000000" Dst="1" />
<file name="4s.gif" server="D:/Dropbox/CharisTech/Project Backups/Aux-Digital/" local="131334078520000000" remote="131334078520000000" Dst="1" />
<file name="5.gif" server="D:/Dropbox/CharisTech/Project Backups/Aux-Digital/" local="131334078520000000" remote="131334078520000000" Dst="1" />
<file name="5s.gif" server="D:/Dropbox/CharisTech/Project Backups/Aux-Digital/" local="131334078520000000" remote="131334078520000000" Dst="1" />
<file name="6.gif" server="D:/Dropbox/CharisTech/Project Backups/Aux-Digital/" local="131334078520000000" remote="131334078520000000" Dst="1" />
<file name="6s.gif" server="D:/Dropbox/CharisTech/Project Backups/Aux-Digital/" local="131334078520000000" remote="131334078520000000" Dst="1" />
<file name="7.gif" server="D:/Dropbox/CharisTech/Project Backups/Aux-Digital/" local="131334078520000000" remote="131334078520000000" Dst="1" />
<file name="7s.gif" server="D:/Dropbox/CharisTech/Project Backups/Aux-Digital/" local="131334078520000000" remote="131334078520000000" Dst="1" />
<file name="8.gif" server="D:/Dropbox/CharisTech/Project Backups/Aux-Digital/" local="131334078520000000" remote="131334078520000000" Dst="1" />
<file name="8s.gif" server="D:/Dropbox/CharisTech/Project Backups/Aux-Digital/" local="131334078520000000" remote="131334078520000000" Dst="1" />
<file name="9.gif" server="D:/Dropbox/CharisTech/Project Backups/Aux-Digital/" local="131334078520000000" remote="131334078520000000" Dst="1" />
<file name="9s.gif" server="D:/Dropbox/CharisTech/Project Backups/Aux-Digital/" local="131334078520000000" remote="131334078520000000" Dst="1" />
</dwsync>